outcome,mean,sd,count
marr,0.408954550686779,0.491641139520471,855520
