outcome,mean,sd,count
marr,0.334995315445484,0.471989094729821,890177
