outcome,mean,sd,count
major,0,0,5
total_dot,3114.2,1593.3002541894,5
outpatient,4.8,2.94957624075053,5
eme_dummy,0.4,0.547722557505166,5
