outcome,mean,sd,count
major,0.0433460987364856,0.203635109135807,959625
total_dot,5905.58626442621,90155.3239468458,959625
outpatient,7.72969545395337,7.77685245219643,959625
eme_dummy,0.117883548261039,0.485415105490747,959625
