outcome,mean,sd,count
income,318106.90385389,311312.30930403,12429
log_income,12.9399854449073,0.553015351815665,8279
work,0.666103467696516,0.471622236403604,12429
marr,0.43344179855051,0.495568530012173,13558
major,0.0989621047550085,0.298623142761793,12429
total_dot,11302.7085043045,91200.4288563146,12429
outpatient,8.87022286587819,10.888762501579,12429
eme_dummy,0.155282001770054,0.678535705832688,12429
