outcome,mean,sd,count
major,0.076271126715896,0.265431613133318,709469
total_dot,8537.19829337152,77146.3074607508,709469
outpatient,7.77134589390093,9.84671902421715,709469
eme_dummy,0.137628282560619,0.712260555929538,709469
