outcome,mean,sd,count
major,0.0772005396112095,0.266909526364822,902131
total_dot,8463.38623326324,68052.9578509311,902131
outpatient,7.80086705811019,9.86917859355689,902131
eme_dummy,0.135738601156595,1.03031238189016,902131
