outcome,mean,sd,count
marr,0.294217895965117,0.455691083191866,330228
