outcome,mean,sd,count
marr,0.389015386054077,0.487527008331654,1415405
